Wage_Date,State_From,State_To,count,total_from,probability
2006-02-01,Employment,Employment,359171,391741,0.916858
2006-02-01,Employment,Unemployment,32570,391741,0.083142
2006-03-01,Employment,Employment,361841,395063,0.915907
2006-03-01,Employment,Unemployment,33222,395063,0.084093
2006-03-01,Unemployment,Employment,9366,32570,0.287565
2006-03-01,Unemployment,Unemployment,23204,32570,0.712435
2006-04-01,Employment,Employment,366388,403488,0.908052
2006-04-01,Employment,Unemployment,37100,403488,0.091948
2006-04-01,Unemployment,Employment,11335,56426,0.200883
2006-04-01,Unemployment,Unemployment,45091,56426,0.799117
2006-05-01,Employment,Employment,363256,399038,0.910329
2006-05-01,Employment,Unemployment,35782,399038,0.089671
2006-05-01,Unemployment,Employment,14168,82191,0.172379
2006-05-01,Unemployment,Unemployment,68023,82191,0.827621
2006-06-01,Employment,Employment,363688,393709,0.923748
2006-06-01,Employment,Unemployment,30021,393709,0.076252
2006-06-01,Unemployment,Employment,16555,103805,0.159482
2006-06-01,Unemployment,Unemployment,87250,103805,0.840518
2006-07-01,Employment,Employment,368760,394329,0.935158
2006-07-01,Employment,Unemployment,25569,394329,0.064842
2006-07-01,Unemployment,Employment,18204,117271,0.15523
2006-07-01,Unemployment,Unemployment,99067,117271,0.84477
2006-08-01,Employment,Employment,374690,400425,0.935731
2006-08-01,Employment,Unemployment,25735,400425,0.064269
2006-08-01,Unemployment,Employment,19129,124636,0.153479
2006-08-01,Unemployment,Unemployment,105507,124636,0.846521
2006-09-01,Employment,Employment,377940,406988,0.928627
2006-09-01,Employment,Unemployment,29048,406988,0.071373
2006-09-01,Unemployment,Employment,17985,131242,0.137037
2006-09-01,Unemployment,Unemployment,113257,131242,0.862963
2006-10-01,Employment,Employment,382878,406553,0.941767
2006-10-01,Employment,Unemployment,23675,406553,0.058233
2006-10-01,Unemployment,Employment,28304,142305,0.198897
2006-10-01,Unemployment,Unemployment,114001,142305,0.801103
2006-11-01,Employment,Employment,399694,424624,0.941289
2006-11-01,Employment,Unemployment,24930,424624,0.058711
2006-11-01,Unemployment,Employment,26339,137676,0.191311
2006-11-01,Unemployment,Unemployment,111337,137676,0.808689
2006-12-01,Employment,Employment,412778,440432,0.937212
2006-12-01,Employment,Unemployment,27654,440432,0.062788
2006-12-01,Unemployment,Employment,22358,136267,0.164075
2006-12-01,Unemployment,Unemployment,113909,136267,0.835925
2007-01-01,Employment,Employment,405685,448002,0.905543
2007-01-01,Employment,Unemployment,42317,448002,0.094457
2007-01-01,Unemployment,Employment,27485,141563,0.194154
2007-01-01,Unemployment,Unemployment,114078,141563,0.805846
2007-02-01,Employment,Employment,415704,450984,0.921771
2007-02-01,Employment,Unemployment,35280,450984,0.078229
2007-02-01,Unemployment,Employment,26772,156395,0.171182
2007-02-01,Unemployment,Unemployment,129623,156395,0.828818
2007-03-01,Employment,Employment,419298,454956,0.921623
2007-03-01,Employment,Unemployment,35658,454956,0.078377
2007-03-01,Unemployment,Employment,31410,164903,0.190476
2007-03-01,Unemployment,Unemployment,133493,164903,0.809524
2007-04-01,Employment,Employment,425138,465316,0.913654
2007-04-01,Employment,Unemployment,40178,465316,0.086346
2007-04-01,Unemployment,Employment,25766,169151,0.152325
2007-04-01,Unemployment,Unemployment,143385,169151,0.847675
2007-05-01,Employment,Employment,423191,460581,0.91882
2007-05-01,Employment,Unemployment,37390,460581,0.08118
2007-05-01,Unemployment,Employment,23565,183563,0.128376
2007-05-01,Unemployment,Unemployment,159998,183563,0.871624
2007-06-01,Employment,Employment,424316,455743,0.931042
2007-06-01,Employment,Unemployment,31427,455743,0.068958
2007-06-01,Unemployment,Employment,24628,197388,0.124769
2007-06-01,Unemployment,Unemployment,172760,197388,0.875231
2007-07-01,Employment,Employment,429479,457225,0.939317
2007-07-01,Employment,Unemployment,27746,457225,0.060683
2007-07-01,Unemployment,Employment,24513,204187,0.120052
2007-07-01,Unemployment,Unemployment,179674,204187,0.879948
2007-08-01,Employment,Employment,434818,461894,0.94138
2007-08-01,Employment,Unemployment,27076,461894,0.05862
2007-08-01,Unemployment,Employment,25029,207420,0.120668
2007-08-01,Unemployment,Unemployment,182391,207420,0.879332
2007-09-01,Employment,Employment,436468,467888,0.932847
2007-09-01,Employment,Unemployment,31420,467888,0.067153
2007-09-01,Unemployment,Employment,21850,209467,0.104312
2007-09-01,Unemployment,Unemployment,187617,209467,0.895688
2007-10-01,Employment,Employment,439589,464798,0.945764
2007-10-01,Employment,Unemployment,25209,464798,0.054236
2007-10-01,Unemployment,Employment,34538,219037,0.157681
2007-10-01,Unemployment,Unemployment,184499,219037,0.842319
2007-11-01,Employment,Employment,456955,482749,0.946569
2007-11-01,Employment,Unemployment,25794,482749,0.053431
2007-11-01,Unemployment,Employment,34147,209708,0.162831
2007-11-01,Unemployment,Unemployment,175561,209708,0.837169
2007-12-01,Employment,Employment,473247,501472,0.943716
2007-12-01,Employment,Unemployment,28225,501472,0.056284
2007-12-01,Unemployment,Employment,28122,201355,0.139664
2007-12-01,Unemployment,Unemployment,173233,201355,0.860336
2008-01-01,Employment,Employment,467232,511789,0.912939
2008-01-01,Employment,Unemployment,44557,511789,0.087061
2008-01-01,Unemployment,Employment,31412,201458,0.155923
2008-01-01,Unemployment,Unemployment,170046,201458,0.844077
2008-02-01,Employment,Employment,473650,511537,0.925935
2008-02-01,Employment,Unemployment,37887,511537,0.074065
2008-02-01,Unemployment,Employment,30382,214603,0.141573
2008-02-01,Unemployment,Unemployment,184221,214603,0.858427
2008-03-01,Employment,Employment,474303,512713,0.925085
2008-03-01,Employment,Unemployment,38410,512713,0.074915
2008-03-01,Unemployment,Employment,35237,222108,0.158648
2008-03-01,Unemployment,Unemployment,186871,222108,0.841352
2008-04-01,Employment,Employment,478797,519266,0.922065
2008-04-01,Employment,Unemployment,40469,519266,0.077935
2008-04-01,Unemployment,Employment,30057,225281,0.13342
2008-04-01,Unemployment,Unemployment,195224,225281,0.86658
2008-05-01,Employment,Employment,473959,516053,0.918431
2008-05-01,Employment,Unemployment,42094,516053,0.081569
2008-05-01,Unemployment,Employment,24495,235693,0.103928
2008-05-01,Unemployment,Unemployment,211198,235693,0.896072
2008-06-01,Employment,Employment,473273,504814,0.93752
2008-06-01,Employment,Unemployment,31541,504814,0.06248
2008-06-01,Unemployment,Employment,29848,253292,0.11784
2008-06-01,Unemployment,Unemployment,223444,253292,0.88216
2008-07-01,Employment,Employment,479628,509002,0.942291
2008-07-01,Employment,Unemployment,29374,509002,0.057709
2008-07-01,Unemployment,Employment,28115,254985,0.110261
2008-07-01,Unemployment,Unemployment,226870,254985,0.889739
2008-08-01,Employment,Employment,483073,513593,0.940576
2008-08-01,Employment,Unemployment,30520,513593,0.059424
2008-08-01,Unemployment,Employment,26585,256244,0.103749
2008-08-01,Unemployment,Unemployment,229659,256244,0.896251
2008-09-01,Employment,Employment,485575,516061,0.940926
2008-09-01,Employment,Unemployment,30486,516061,0.059074
2008-09-01,Unemployment,Employment,25248,260179,0.097041
2008-09-01,Unemployment,Unemployment,234931,260179,0.902959
2008-10-01,Employment,Employment,488271,515881,0.94648
2008-10-01,Employment,Unemployment,27610,515881,0.05352
2008-10-01,Unemployment,Employment,35996,265417,0.135621
2008-10-01,Unemployment,Unemployment,229421,265417,0.864379
2008-11-01,Employment,Employment,500491,530694,0.943088
2008-11-01,Employment,Unemployment,30203,530694,0.056912
2008-11-01,Unemployment,Employment,34312,257031,0.133494
2008-11-01,Unemployment,Unemployment,222719,257031,0.866506
2008-12-01,Employment,Employment,508699,541285,0.939799
2008-12-01,Employment,Unemployment,32586,541285,0.060201
2008-12-01,Unemployment,Employment,29304,252922,0.115862
2008-12-01,Unemployment,Unemployment,223618,252922,0.884138
2009-01-01,Employment,Employment,498510,545047,0.914618
2009-01-01,Employment,Unemployment,46537,545047,0.085382
2009-01-01,Unemployment,Employment,31976,256204,0.124807
2009-01-01,Unemployment,Unemployment,224228,256204,0.875193
2009-02-01,Employment,Employment,500190,538910,0.928151
2009-02-01,Employment,Unemployment,38720,538910,0.071849
2009-02-01,Unemployment,Employment,31309,270765,0.115632
2009-02-01,Unemployment,Unemployment,239456,270765,0.884368
2009-03-01,Employment,Employment,495603,536183,0.924317
2009-03-01,Employment,Unemployment,40580,536183,0.075683
2009-03-01,Unemployment,Employment,31651,278176,0.11378
2009-03-01,Unemployment,Unemployment,246525,278176,0.88622
2009-04-01,Employment,Employment,488181,533037,0.915848
2009-04-01,Employment,Unemployment,44856,533037,0.084152
2009-04-01,Unemployment,Employment,29059,287105,0.101214
2009-04-01,Unemployment,Unemployment,258046,287105,0.898786
2009-05-01,Employment,Employment,479935,521204,0.92082
2009-05-01,Employment,Unemployment,41269,521204,0.07918
2009-05-01,Unemployment,Employment,26000,302902,0.085836
2009-05-01,Unemployment,Unemployment,276902,302902,0.914164
2009-06-01,Employment,Employment,479121,510406,0.938706
2009-06-01,Employment,Unemployment,31285,510406,0.061294
2009-06-01,Unemployment,Employment,29195,318171,0.091759
2009-06-01,Unemployment,Unemployment,288976,318171,0.908241
2009-07-01,Employment,Employment,483963,512261,0.944759
2009-07-01,Employment,Unemployment,28298,512261,0.055241
2009-07-01,Unemployment,Employment,28650,320261,0.089458
2009-07-01,Unemployment,Unemployment,291611,320261,0.910542
2009-08-01,Employment,Employment,487676,516623,0.943969
2009-08-01,Employment,Unemployment,28947,516623,0.056031
2009-08-01,Unemployment,Employment,27367,319909,0.085546
2009-08-01,Unemployment,Unemployment,292542,319909,0.914454
2009-09-01,Employment,Employment,489744,519178,0.943307
2009-09-01,Employment,Unemployment,29434,519178,0.056693
2009-09-01,Unemployment,Employment,27432,321489,0.085328
2009-09-01,Unemployment,Unemployment,294057,321489,0.914672
2009-10-01,Employment,Employment,495646,520886,0.951544
2009-10-01,Employment,Unemployment,25240,520886,0.048456
2009-10-01,Unemployment,Employment,35019,323491,0.108253
2009-10-01,Unemployment,Unemployment,288472,323491,0.891747
2009-11-01,Employment,Employment,509812,534877,0.953139
2009-11-01,Employment,Unemployment,25065,534877,0.046861
2009-11-01,Unemployment,Employment,35918,313712,0.114494
2009-11-01,Unemployment,Unemployment,277794,313712,0.885506
2009-12-01,Employment,Employment,523176,550786,0.949872
2009-12-01,Employment,Unemployment,27610,550786,0.050128
2009-12-01,Unemployment,Employment,33160,302859,0.10949
2009-12-01,Unemployment,Unemployment,269699,302859,0.89051
2010-01-01,Employment,Employment,521374,563187,0.925756
2010-01-01,Employment,Unemployment,41813,563187,0.074244
2010-01-01,Unemployment,Employment,35026,297309,0.11781
2010-01-01,Unemployment,Unemployment,262283,297309,0.88219
2010-02-01,Employment,Employment,528903,564724,0.936569
2010-02-01,Employment,Unemployment,35821,564724,0.063431
2010-02-01,Unemployment,Employment,31966,304096,0.105118
2010-02-01,Unemployment,Unemployment,272130,304096,0.894882
2010-03-01,Employment,Employment,526380,565566,0.930714
2010-03-01,Employment,Unemployment,39186,565566,0.069286
2010-03-01,Unemployment,Employment,33869,307951,0.109982
2010-03-01,Unemployment,Unemployment,274082,307951,0.890018
2010-04-01,Employment,Employment,527619,566019,0.932158
2010-04-01,Employment,Unemployment,38400,566019,0.067842
2010-04-01,Unemployment,Employment,33430,313268,0.106714
2010-04-01,Unemployment,Unemployment,279838,313268,0.893286
2010-05-01,Employment,Employment,526023,565594,0.930036
2010-05-01,Employment,Unemployment,39571,565594,0.069964
2010-05-01,Unemployment,Employment,28934,318238,0.090919
2010-05-01,Unemployment,Unemployment,289304,318238,0.909081
2010-06-01,Employment,Employment,527949,559944,0.94286
2010-06-01,Employment,Unemployment,31995,559944,0.05714
2010-06-01,Unemployment,Employment,28903,328875,0.087884
2010-06-01,Unemployment,Unemployment,299972,328875,0.912116
2010-07-01,Employment,Employment,532831,560911,0.949939
2010-07-01,Employment,Unemployment,28080,560911,0.050061
2010-07-01,Unemployment,Employment,30304,331967,0.091286
2010-07-01,Unemployment,Unemployment,301663,331967,0.908714
2010-08-01,Employment,Employment,539749,567112,0.95175
2010-08-01,Employment,Unemployment,27363,567112,0.04825
2010-08-01,Unemployment,Employment,29621,329743,0.089831
2010-08-01,Unemployment,Unemployment,300122,329743,0.910169
2010-09-01,Employment,Employment,543343,573460,0.947482
2010-09-01,Employment,Unemployment,30117,573460,0.052518
2010-09-01,Unemployment,Employment,26262,327485,0.080193
2010-09-01,Unemployment,Unemployment,301223,327485,0.919807
2010-10-01,Employment,Employment,546387,572833,0.953833
2010-10-01,Employment,Unemployment,26446,572833,0.046167
2010-10-01,Unemployment,Employment,35967,331340,0.10855
2010-10-01,Unemployment,Unemployment,295373,331340,0.89145
2010-11-01,Employment,Employment,561229,586713,0.956565
2010-11-01,Employment,Unemployment,25484,586713,0.043435
2010-11-01,Unemployment,Employment,39142,321819,0.121627
2010-11-01,Unemployment,Unemployment,282677,321819,0.878373
2010-12-01,Employment,Employment,577095,606029,0.952256
2010-12-01,Employment,Unemployment,28934,606029,0.047744
2010-12-01,Unemployment,Employment,32400,308161,0.10514
2010-12-01,Unemployment,Unemployment,275761,308161,0.89486
2011-01-01,Employment,Employment,572266,616371,0.928444
2011-01-01,Employment,Unemployment,44105,616371,0.071556
2011-01-01,Unemployment,Employment,35598,304695,0.116832
2011-01-01,Unemployment,Unemployment,269097,304695,0.883168
2011-02-01,Employment,Employment,578156,616564,0.937706
2011-02-01,Employment,Unemployment,38408,616564,0.062294
2011-02-01,Unemployment,Employment,33596,313202,0.107266
2011-02-01,Unemployment,Unemployment,279606,313202,0.892734
2011-03-01,Employment,Employment,577009,616305,0.936239
2011-03-01,Employment,Unemployment,39296,616305,0.063761
2011-03-01,Unemployment,Employment,38928,318014,0.12241
2011-03-01,Unemployment,Unemployment,279086,318014,0.87759
2011-04-01,Employment,Employment,580359,622444,0.932387
2011-04-01,Employment,Unemployment,42085,622444,0.067613
2011-04-01,Unemployment,Employment,33350,318382,0.104748
2011-04-01,Unemployment,Unemployment,285032,318382,0.895252
2011-05-01,Employment,Employment,578437,618060,0.935891
2011-05-01,Employment,Unemployment,39623,618060,0.064109
2011-05-01,Unemployment,Employment,29636,327117,0.090598
2011-05-01,Unemployment,Unemployment,297481,327117,0.909402
2011-06-01,Employment,Employment,578376,612184,0.944775
2011-06-01,Employment,Unemployment,33808,612184,0.055225
2011-06-01,Unemployment,Employment,30278,337104,0.089818
2011-06-01,Unemployment,Unemployment,306826,337104,0.910182
2011-07-01,Employment,Employment,582727,612370,0.951593
2011-07-01,Employment,Unemployment,29643,612370,0.048407
2011-07-01,Unemployment,Employment,29880,340634,0.087719
2011-07-01,Unemployment,Unemployment,310754,340634,0.912281
2011-08-01,Employment,Employment,587368,616061,0.953425
2011-08-01,Employment,Unemployment,28693,616061,0.046575
2011-08-01,Unemployment,Employment,30993,340397,0.09105
2011-08-01,Unemployment,Unemployment,309404,340397,0.90895
2011-09-01,Employment,Employment,590654,621896,0.949763
2011-09-01,Employment,Unemployment,31242,621896,0.050237
2011-09-01,Unemployment,Employment,28333,338097,0.083801
2011-09-01,Unemployment,Unemployment,309764,338097,0.916199
2011-10-01,Employment,Employment,594415,622295,0.955198
2011-10-01,Employment,Unemployment,27880,622295,0.044802
2011-10-01,Unemployment,Employment,36716,341006,0.10767
2011-10-01,Unemployment,Unemployment,304290,341006,0.89233
2011-11-01,Employment,Employment,609886,635028,0.960408
2011-11-01,Employment,Unemployment,25142,635028,0.039592
2011-11-01,Unemployment,Employment,41055,332170,0.123596
2011-11-01,Unemployment,Unemployment,291115,332170,0.876404
2011-12-01,Employment,Employment,626853,656144,0.955359
2011-12-01,Employment,Unemployment,29291,656144,0.044641
2011-12-01,Unemployment,Employment,33943,316257,0.107327
2011-12-01,Unemployment,Unemployment,282314,316257,0.892673
2012-01-01,Employment,Employment,622152,667556,0.931985
2012-01-01,Employment,Unemployment,45404,667556,0.068015
2012-01-01,Unemployment,Employment,37125,311605,0.119141
2012-01-01,Unemployment,Unemployment,274480,311605,0.880859
2012-02-01,Employment,Employment,628215,667181,0.941596
2012-02-01,Employment,Unemployment,38966,667181,0.058404
2012-02-01,Unemployment,Employment,35045,319884,0.109555
2012-02-01,Unemployment,Unemployment,284839,319884,0.890445
2012-03-01,Employment,Employment,626049,667654,0.937685
2012-03-01,Employment,Unemployment,41605,667654,0.062315
2012-03-01,Unemployment,Employment,39767,323805,0.122812
2012-03-01,Unemployment,Unemployment,284038,323805,0.877188
2012-04-01,Employment,Employment,628706,671524,0.936238
2012-04-01,Employment,Unemployment,42818,671524,0.063762
2012-04-01,Unemployment,Employment,33028,325643,0.101424
2012-04-01,Unemployment,Unemployment,292615,325643,0.898576
2012-05-01,Employment,Employment,626980,665613,0.941959
2012-05-01,Employment,Unemployment,38633,665613,0.058041
2012-05-01,Unemployment,Employment,30427,335433,0.09071
2012-05-01,Unemployment,Unemployment,305006,335433,0.90929
2012-06-01,Employment,Employment,627311,661075,0.948926
2012-06-01,Employment,Unemployment,33764,661075,0.051074
2012-06-01,Unemployment,Employment,32225,343639,0.093776
2012-06-01,Unemployment,Unemployment,311414,343639,0.906224
2012-07-01,Employment,Employment,632670,663030,0.95421
2012-07-01,Employment,Unemployment,30360,663030,0.04579
2012-07-01,Unemployment,Employment,31185,345178,0.090345
2012-07-01,Unemployment,Unemployment,313993,345178,0.909655
2012-08-01,Employment,Employment,637444,666974,0.955725
2012-08-01,Employment,Unemployment,29530,666974,0.044275
2012-08-01,Unemployment,Employment,32372,344353,0.094008
2012-08-01,Unemployment,Unemployment,311981,344353,0.905992
2012-09-01,Employment,Employment,639427,673206,0.949824
2012-09-01,Employment,Unemployment,33779,673206,0.050176
2012-09-01,Unemployment,Employment,25913,341511,0.075877
2012-09-01,Unemployment,Unemployment,315598,341511,0.924123
2012-10-01,Employment,Employment,639929,667721,0.958378
2012-10-01,Employment,Unemployment,27792,667721,0.041622
2012-10-01,Unemployment,Employment,39326,349377,0.11256
2012-10-01,Unemployment,Unemployment,310051,349377,0.88744
2012-11-01,Employment,Employment,654207,682607,0.958395
2012-11-01,Employment,Unemployment,28400,682607,0.041605
2012-11-01,Unemployment,Employment,39761,337843,0.117691
2012-11-01,Unemployment,Unemployment,298082,337843,0.882309
2012-12-01,Employment,Employment,666375,698378,0.954175
2012-12-01,Employment,Unemployment,32003,698378,0.045825
2012-12-01,Unemployment,Employment,33089,326482,0.10135
2012-12-01,Unemployment,Unemployment,293393,326482,0.89865
2013-01-01,Employment,Employment,659514,705625,0.934652
2013-01-01,Employment,Unemployment,46111,705625,0.065348
2013-01-01,Unemployment,Employment,39586,325396,0.121655
2013-01-01,Unemployment,Unemployment,285810,325396,0.878345
2013-02-01,Employment,Employment,663721,706412,0.939566
2013-02-01,Employment,Unemployment,42691,706412,0.060434
2013-02-01,Unemployment,Employment,34604,331921,0.104254
2013-02-01,Unemployment,Unemployment,297317,331921,0.895746
2013-03-01,Employment,Employment,658065,701414,0.938198
2013-03-01,Employment,Unemployment,43349,701414,0.061802
2013-03-01,Unemployment,Employment,40087,340008,0.1179
2013-03-01,Unemployment,Unemployment,299921,340008,0.8821
2013-04-01,Employment,Employment,661469,702760,0.941245
2013-04-01,Employment,Unemployment,41291,702760,0.058755
2013-04-01,Unemployment,Employment,37704,343270,0.109838
2013-04-01,Unemployment,Unemployment,305566,343270,0.890162
2013-05-01,Employment,Employment,660150,702214,0.940098
2013-05-01,Employment,Unemployment,42064,702214,0.059902
2013-05-01,Unemployment,Employment,29969,346857,0.086402
2013-05-01,Unemployment,Unemployment,316888,346857,0.913598
2013-06-01,Employment,Employment,657081,692693,0.948589
2013-06-01,Employment,Unemployment,35612,692693,0.051411
2013-06-01,Unemployment,Employment,33714,358952,0.093923
2013-06-01,Unemployment,Unemployment,325238,358952,0.906077
2013-07-01,Employment,Employment,661616,693356,0.954223
2013-07-01,Employment,Unemployment,31740,693356,0.045777
2013-07-01,Unemployment,Employment,32843,360850,0.091016
2013-07-01,Unemployment,Unemployment,328007,360850,0.908984
2013-08-01,Employment,Employment,663834,696683,0.952849
2013-08-01,Employment,Unemployment,32849,696683,0.047151
2013-08-01,Unemployment,Employment,32942,359747,0.09157
2013-08-01,Unemployment,Unemployment,326805,359747,0.90843
2013-09-01,Employment,Employment,663344,699323,0.948552
2013-09-01,Employment,Unemployment,35979,699323,0.051448
2013-09-01,Unemployment,Employment,26325,359654,0.073195
2013-09-01,Unemployment,Unemployment,333329,359654,0.926805
2013-10-01,Employment,Employment,660020,690858,0.955363
2013-10-01,Employment,Unemployment,30838,690858,0.044637
2013-10-01,Unemployment,Employment,38773,369308,0.104988
2013-10-01,Unemployment,Unemployment,330535,369308,0.895012
2013-11-01,Employment,Employment,671415,701083,0.957683
2013-11-01,Employment,Unemployment,29668,701083,0.042317
2013-11-01,Unemployment,Employment,40507,361373,0.112092
2013-11-01,Unemployment,Unemployment,320866,361373,0.887908
2013-12-01,Employment,Employment,682801,714952,0.955031
2013-12-01,Employment,Unemployment,32151,714952,0.044969
2013-12-01,Unemployment,Employment,35808,350534,0.102153
2013-12-01,Unemployment,Unemployment,314726,350534,0.897847
2014-01-01,Employment,Employment,674038,723665,0.931423
2014-01-01,Employment,Unemployment,49627,723665,0.068577
2014-01-01,Unemployment,Employment,38520,346877,0.111048
2014-01-01,Unemployment,Unemployment,308357,346877,0.888952
2014-02-01,Employment,Employment,675807,717979,0.941263
2014-02-01,Employment,Unemployment,42172,717979,0.058737
2014-02-01,Unemployment,Employment,36272,357984,0.101323
2014-02-01,Unemployment,Unemployment,321712,357984,0.898677
2014-03-01,Employment,Employment,670427,714165,0.938756
2014-03-01,Employment,Unemployment,43738,714165,0.061244
2014-03-01,Unemployment,Employment,42855,363884,0.117771
2014-03-01,Unemployment,Unemployment,321029,363884,0.882229
2014-04-01,Employment,Employment,672665,716643,0.938633
2014-04-01,Employment,Unemployment,43978,716643,0.061367
2014-04-01,Unemployment,Employment,36596,364767,0.100327
2014-04-01,Unemployment,Unemployment,328171,364767,0.899673
2014-05-01,Employment,Employment,669363,711275,0.941075
2014-05-01,Employment,Unemployment,41912,711275,0.058925
2014-05-01,Unemployment,Employment,31621,372149,0.084969
2014-05-01,Unemployment,Unemployment,340528,372149,0.915031
2014-06-01,Employment,Employment,666429,702714,0.948364
2014-06-01,Employment,Unemployment,36285,702714,0.051636
2014-06-01,Unemployment,Employment,32753,382440,0.085642
2014-06-01,Unemployment,Unemployment,349687,382440,0.914358
2014-07-01,Employment,Employment,668732,700833,0.954196
2014-07-01,Employment,Unemployment,32101,700833,0.045804
2014-07-01,Unemployment,Employment,33977,385972,0.08803
2014-07-01,Unemployment,Unemployment,351995,385972,0.91197
2014-08-01,Employment,Employment,670326,704046,0.952105
2014-08-01,Employment,Unemployment,33720,704046,0.047895
2014-08-01,Unemployment,Employment,33124,384096,0.086239
2014-08-01,Unemployment,Unemployment,350972,384096,0.913761
2014-09-01,Employment,Employment,670533,705128,0.950938
2014-09-01,Employment,Unemployment,34595,705128,0.049062
2014-09-01,Unemployment,Employment,28948,384692,0.07525
2014-09-01,Unemployment,Unemployment,355744,384692,0.92475
2014-10-01,Employment,Employment,670592,700584,0.95719
2014-10-01,Employment,Unemployment,29992,700584,0.04281
2014-10-01,Unemployment,Employment,41756,390339,0.106974
2014-10-01,Unemployment,Unemployment,348583,390339,0.893026
2014-11-01,Employment,Employment,684452,714098,0.958485
2014-11-01,Employment,Unemployment,29646,714098,0.041515
2014-11-01,Unemployment,Employment,42649,378575,0.112657
2014-11-01,Unemployment,Unemployment,335926,378575,0.887343
2014-12-01,Employment,Employment,697308,729818,0.955455
2014-12-01,Employment,Unemployment,32510,729818,0.044545
2014-12-01,Unemployment,Employment,36779,365572,0.100607
2014-12-01,Unemployment,Unemployment,328793,365572,0.899393
2015-01-01,Employment,Employment,690504,738369,0.935175
2015-01-01,Employment,Unemployment,47865,738369,0.064825
2015-01-01,Unemployment,Employment,40202,361303,0.111269
2015-01-01,Unemployment,Unemployment,321101,361303,0.888731
2015-02-01,Employment,Employment,693729,735524,0.943177
2015-02-01,Employment,Unemployment,41795,735524,0.056823
2015-02-01,Unemployment,Employment,35854,368966,0.097174
2015-02-01,Unemployment,Unemployment,333112,368966,0.902826
2015-03-01,Employment,Employment,686427,731087,0.938913
2015-03-01,Employment,Unemployment,44660,731087,0.061087
2015-03-01,Unemployment,Employment,43609,374907,0.11632
2015-03-01,Unemployment,Unemployment,331298,374907,0.88368
2015-04-01,Employment,Employment,689298,732746,0.940705
2015-04-01,Employment,Unemployment,43448,732746,0.059295
2015-04-01,Unemployment,Employment,37188,375958,0.098915
2015-04-01,Unemployment,Unemployment,338770,375958,0.901085
2015-05-01,Employment,Employment,686477,727967,0.943006
2015-05-01,Employment,Unemployment,41490,727967,0.056994
2015-05-01,Unemployment,Employment,30993,382218,0.081087
2015-05-01,Unemployment,Unemployment,351225,382218,0.918913
2015-06-01,Employment,Employment,684331,718794,0.952054
2015-06-01,Employment,Unemployment,34463,718794,0.047946
2015-06-01,Unemployment,Employment,34544,392715,0.087962
2015-06-01,Unemployment,Unemployment,358171,392715,0.912038
2015-07-01,Employment,Employment,688161,720111,0.955632
2015-07-01,Employment,Unemployment,31950,720111,0.044368
2015-07-01,Unemployment,Employment,33405,392634,0.085079
2015-07-01,Unemployment,Unemployment,359229,392634,0.914921
2015-08-01,Employment,Employment,689829,722559,0.954703
2015-08-01,Employment,Unemployment,32730,722559,0.045297
2015-08-01,Unemployment,Employment,33440,391179,0.085485
2015-08-01,Unemployment,Unemployment,357739,391179,0.914515
2015-09-01,Employment,Employment,690420,724622,0.9528
2015-09-01,Employment,Unemployment,34202,724622,0.0472
2015-09-01,Unemployment,Employment,30381,390469,0.077806
2015-09-01,Unemployment,Unemployment,360088,390469,0.922194
2015-10-01,Employment,Employment,691103,721597,0.957741
2015-10-01,Employment,Unemployment,30494,721597,0.042259
2015-10-01,Unemployment,Employment,38189,394290,0.096855
2015-10-01,Unemployment,Unemployment,356101,394290,0.903145
2015-11-01,Employment,Employment,701096,730338,0.959961
2015-11-01,Employment,Unemployment,29242,730338,0.040039
2015-11-01,Unemployment,Employment,41584,386595,0.107565
2015-11-01,Unemployment,Unemployment,345011,386595,0.892435
2015-12-01,Employment,Employment,712363,744376,0.956994
2015-12-01,Employment,Unemployment,32013,744376,0.043006
2015-12-01,Unemployment,Employment,38842,374253,0.103785
2015-12-01,Unemployment,Unemployment,335411,374253,0.896215
2016-01-01,Employment,Employment,708265,755013,0.938083
2016-01-01,Employment,Unemployment,46748,755013,0.061917
2016-01-01,Unemployment,Employment,40344,367424,0.109802
2016-01-01,Unemployment,Unemployment,327080,367424,0.890198
2016-02-01,Employment,Employment,711634,753088,0.944955
2016-02-01,Employment,Unemployment,41454,753088,0.055045
2016-02-01,Unemployment,Employment,36944,373828,0.098826
2016-02-01,Unemployment,Unemployment,336884,373828,0.901174
2016-03-01,Employment,Employment,704766,749746,0.940006
2016-03-01,Employment,Unemployment,44980,749746,0.059994
2016-03-01,Unemployment,Employment,42599,378338,0.112595
2016-03-01,Unemployment,Unemployment,335739,378338,0.887405
2016-04-01,Employment,Employment,708042,749800,0.944308
2016-04-01,Employment,Unemployment,41758,749800,0.055692
2016-04-01,Unemployment,Employment,37572,380719,0.098687
2016-04-01,Unemployment,Unemployment,343147,380719,0.901313
2016-05-01,Employment,Employment,704879,746636,0.944073
2016-05-01,Employment,Unemployment,41757,746636,0.055927
2016-05-01,Unemployment,Employment,31817,384905,0.082662
2016-05-01,Unemployment,Unemployment,353088,384905,0.917338
2016-06-01,Employment,Employment,702129,737877,0.951553
2016-06-01,Employment,Unemployment,35748,737877,0.048447
2016-06-01,Unemployment,Employment,33404,394845,0.0846
2016-06-01,Unemployment,Unemployment,361441,394845,0.9154
2016-07-01,Employment,Employment,703984,736594,0.955729
2016-07-01,Employment,Unemployment,32610,736594,0.044271
2016-07-01,Unemployment,Employment,32150,397189,0.080944
2016-07-01,Unemployment,Unemployment,365039,397189,0.919056
2016-08-01,Employment,Employment,704735,737133,0.956049
2016-08-01,Employment,Unemployment,32398,737133,0.043951
2016-08-01,Unemployment,Employment,33441,397649,0.084097
2016-08-01,Unemployment,Unemployment,364208,397649,0.915903
2016-09-01,Employment,Employment,703540,739050,0.951952
2016-09-01,Employment,Unemployment,35510,739050,0.048048
2016-09-01,Unemployment,Employment,30781,396606,0.077611
2016-09-01,Unemployment,Unemployment,365825,396606,0.922389
2016-10-01,Employment,Employment,703309,734825,0.957111
2016-10-01,Employment,Unemployment,31516,734825,0.042889
2016-10-01,Unemployment,Employment,37646,401335,0.093802
2016-10-01,Unemployment,Unemployment,363689,401335,0.906198
2016-11-01,Employment,Employment,713639,742038,0.961728
2016-11-01,Employment,Unemployment,28399,742038,0.038272
2016-11-01,Unemployment,Employment,44803,395205,0.113366
2016-11-01,Unemployment,Unemployment,350402,395205,0.886634
2016-12-01,Employment,Employment,726936,760842,0.955436
2016-12-01,Employment,Unemployment,33906,760842,0.044564
2016-12-01,Unemployment,Employment,37446,378801,0.098854
2016-12-01,Unemployment,Unemployment,341355,378801,0.901146
2017-01-01,Employment,Employment,719626,768499,0.936405
2017-01-01,Employment,Unemployment,48873,768499,0.063595
2017-01-01,Unemployment,Employment,40146,375261,0.106982
2017-01-01,Unemployment,Unemployment,335115,375261,0.893018
2017-02-01,Employment,Employment,720673,764070,0.943203
2017-02-01,Employment,Unemployment,43397,764070,0.056797
2017-02-01,Unemployment,Employment,36049,383988,0.093881
2017-02-01,Unemployment,Unemployment,347939,383988,0.906119
2017-03-01,Employment,Employment,712883,758192,0.940241
2017-03-01,Employment,Unemployment,45309,758192,0.059759
2017-03-01,Unemployment,Employment,43569,391336,0.111334
2017-03-01,Unemployment,Unemployment,347767,391336,0.888666
2017-04-01,Employment,Employment,713579,759000,0.940157
2017-04-01,Employment,Unemployment,45421,759000,0.059843
2017-04-01,Unemployment,Employment,34055,393076,0.086637
2017-04-01,Unemployment,Unemployment,359021,393076,0.913363
2017-05-01,Employment,Employment,710112,748502,0.948711
2017-05-01,Employment,Unemployment,38390,748502,0.051289
2017-05-01,Unemployment,Employment,34651,404442,0.085676
2017-05-01,Unemployment,Unemployment,369791,404442,0.914324
2017-06-01,Employment,Employment,711453,746088,0.953578
2017-06-01,Employment,Unemployment,34635,746088,0.046422
2017-06-01,Unemployment,Employment,33559,408181,0.082216
2017-06-01,Unemployment,Unemployment,374622,408181,0.917784
2017-07-01,Employment,Employment,715577,746468,0.958617
2017-07-01,Employment,Unemployment,30891,746468,0.041383
2017-07-01,Unemployment,Employment,33510,409257,0.08188
2017-07-01,Unemployment,Unemployment,375747,409257,0.91812
2017-08-01,Employment,Employment,718520,750569,0.9573
2017-08-01,Employment,Unemployment,32049,750569,0.0427
2017-08-01,Unemployment,Employment,33200,406638,0.081645
2017-08-01,Unemployment,Unemployment,373438,406638,0.918355
2017-09-01,Employment,Employment,718965,753269,0.95446
2017-09-01,Employment,Unemployment,34304,753269,0.04554
2017-09-01,Unemployment,Employment,28855,405487,0.071161
2017-09-01,Unemployment,Unemployment,376632,405487,0.928839
2017-10-01,Employment,Employment,719991,748991,0.961281
2017-10-01,Employment,Unemployment,29000,748991,0.038719
2017-10-01,Unemployment,Employment,39298,410936,0.09563
2017-10-01,Unemployment,Unemployment,371638,410936,0.90437
2017-11-01,Employment,Employment,734360,761273,0.964647
2017-11-01,Employment,Unemployment,26913,761273,0.035353
2017-11-01,Unemployment,Employment,44990,400638,0.112296
2017-11-01,Unemployment,Unemployment,355648,400638,0.887704
2017-12-01,Employment,Employment,750962,782989,0.959096
2017-12-01,Employment,Unemployment,32027,782989,0.040904
2017-12-01,Unemployment,Employment,39557,382561,0.103401
2017-12-01,Unemployment,Unemployment,343004,382561,0.896599
2018-01-01,Employment,Employment,749755,796132,0.941747
2018-01-01,Employment,Unemployment,46377,796132,0.058253
2018-01-01,Unemployment,Employment,41834,375031,0.111548
2018-01-01,Unemployment,Unemployment,333197,375031,0.888452
2018-02-01,Employment,Employment,752990,797347,0.944369
2018-02-01,Employment,Unemployment,44357,797347,0.055631
2018-02-01,Unemployment,Employment,34662,379574,0.091318
2018-02-01,Unemployment,Unemployment,344912,379574,0.908682
2018-03-01,Employment,Employment,744134,789629,0.942384
2018-03-01,Employment,Unemployment,45495,789629,0.057616
2018-03-01,Unemployment,Employment,42695,389269,0.10968
2018-03-01,Unemployment,Unemployment,346574,389269,0.89032
2018-04-01,Employment,Employment,745637,790418,0.943345
2018-04-01,Employment,Unemployment,44781,790418,0.056655
2018-04-01,Unemployment,Employment,36035,392069,0.09191
2018-04-01,Unemployment,Unemployment,356034,392069,0.90809
2018-05-01,Employment,Employment,742061,783856,0.94668
2018-05-01,Employment,Unemployment,41795,783856,0.05332
2018-05-01,Unemployment,Employment,32260,400815,0.080486
2018-05-01,Unemployment,Unemployment,368555,400815,0.919514
2018-06-01,Employment,Employment,741437,775880,0.955608
2018-06-01,Employment,Unemployment,34443,775880,0.044392
2018-06-01,Unemployment,Employment,34647,410350,0.084433
2018-06-01,Unemployment,Unemployment,375703,410350,0.915567
2018-07-01,Employment,Employment,745566,777395,0.959057
2018-07-01,Employment,Unemployment,31829,777395,0.040943
2018-07-01,Unemployment,Employment,31517,410146,0.076843
2018-07-01,Unemployment,Unemployment,378629,410146,0.923157
2018-08-01,Employment,Employment,747460,778144,0.960568
2018-08-01,Employment,Unemployment,30684,778144,0.039432
2018-08-01,Unemployment,Employment,34824,410458,0.084842
2018-08-01,Unemployment,Unemployment,375634,410458,0.915158
2018-09-01,Employment,Employment,747698,783595,0.954189
2018-09-01,Employment,Unemployment,35897,783595,0.045811
2018-09-01,Unemployment,Employment,27413,406318,0.067467
2018-09-01,Unemployment,Unemployment,378905,406318,0.932533
2018-10-01,Employment,Employment,747677,775644,0.963944
2018-10-01,Employment,Unemployment,27967,775644,0.036056
2018-10-01,Unemployment,Employment,41816,414802,0.10081
2018-10-01,Unemployment,Unemployment,372986,414802,0.89919
2018-11-01,Employment,Employment,763452,790941,0.965245
2018-11-01,Employment,Unemployment,27489,790941,0.034755
2018-11-01,Unemployment,Employment,44885,400953,0.111946
2018-11-01,Unemployment,Unemployment,356068,400953,0.888054
2018-12-01,Employment,Employment,779250,810763,0.961132
2018-12-01,Employment,Unemployment,31513,810763,0.038868
2018-12-01,Unemployment,Employment,40058,383557,0.104438
2018-12-01,Unemployment,Unemployment,343499,383557,0.895562
2019-01-01,Employment,Employment,775998,822541,0.943416
2019-01-01,Employment,Unemployment,46543,822541,0.056584
2019-01-01,Unemployment,Employment,41689,375012,0.111167
2019-01-01,Unemployment,Unemployment,333323,375012,0.888833
2019-02-01,Employment,Employment,780489,821347,0.950255
2019-02-01,Employment,Unemployment,40858,821347,0.049745
2019-02-01,Unemployment,Employment,35602,379866,0.093723
2019-02-01,Unemployment,Unemployment,344264,379866,0.906277
2019-03-01,Employment,Employment,771039,816256,0.944604
2019-03-01,Employment,Unemployment,45217,816256,0.055396
2019-03-01,Unemployment,Employment,41157,385122,0.106867
2019-03-01,Unemployment,Unemployment,343965,385122,0.893133
2019-04-01,Employment,Employment,770864,813543,0.947539
2019-04-01,Employment,Unemployment,42679,813543,0.052461
2019-04-01,Unemployment,Employment,35533,389182,0.091302
2019-04-01,Unemployment,Unemployment,353649,389182,0.908698
2019-05-01,Employment,Employment,766836,806715,0.950566
2019-05-01,Employment,Unemployment,39879,806715,0.049434
2019-05-01,Unemployment,Employment,31746,396328,0.0801
2019-05-01,Unemployment,Unemployment,364582,396328,0.9199
2019-06-01,Employment,Employment,765110,799285,0.957243
2019-06-01,Employment,Unemployment,34175,799285,0.042757
2019-06-01,Unemployment,Employment,33399,404461,0.082577
2019-06-01,Unemployment,Unemployment,371062,404461,0.917423
2019-07-01,Employment,Employment,768963,799124,0.962257
2019-07-01,Employment,Unemployment,30161,799124,0.037743
2019-07-01,Unemployment,Employment,33352,405237,0.082302
2019-07-01,Unemployment,Unemployment,371885,405237,0.917698
2019-08-01,Employment,Employment,771558,802645,0.961269
2019-08-01,Employment,Unemployment,31087,802645,0.038731
2019-08-01,Unemployment,Employment,33914,402046,0.084354
2019-08-01,Unemployment,Unemployment,368132,402046,0.915646
2019-09-01,Employment,Employment,771504,805894,0.957327
2019-09-01,Employment,Unemployment,34390,805894,0.042673
2019-09-01,Unemployment,Employment,27153,399219,0.068015
2019-09-01,Unemployment,Unemployment,372066,399219,0.931985
2019-10-01,Employment,Employment,769998,798270,0.964583
2019-10-01,Employment,Unemployment,28272,798270,0.035417
2019-10-01,Unemployment,Employment,38349,406456,0.09435
2019-10-01,Unemployment,Unemployment,368107,406456,0.90565
2019-11-01,Employment,Employment,780295,808256,0.965406
2019-11-01,Employment,Unemployment,27961,808256,0.034594
2019-11-01,Unemployment,Employment,42266,396379,0.10663
2019-11-01,Unemployment,Unemployment,354113,396379,0.89337
2019-12-01,Employment,Employment,791795,822413,0.962771
2019-12-01,Employment,Unemployment,30618,822413,0.037229
2019-12-01,Unemployment,Employment,40345,382074,0.105595
2019-12-01,Unemployment,Unemployment,341729,382074,0.894405
2020-01-01,Employment,Employment,786881,832397,0.945319
2020-01-01,Employment,Unemployment,45516,832397,0.054681
2020-01-01,Unemployment,Employment,40742,372347,0.109419
2020-01-01,Unemployment,Unemployment,331605,372347,0.890581
2020-02-01,Employment,Employment,789051,828520,0.952362
2020-02-01,Employment,Unemployment,39469,828520,0.047638
2020-02-01,Unemployment,Employment,35866,377121,0.095105
2020-02-01,Unemployment,Unemployment,341255,377121,0.904895
2020-03-01,Employment,Employment,778882,822829,0.94659
2020-03-01,Employment,Unemployment,43947,822829,0.05341
2020-03-01,Unemployment,Employment,34365,380724,0.090262
2020-03-01,Unemployment,Unemployment,346359,380724,0.909738
2020-04-01,Employment,Employment,744068,809796,0.918834
2020-04-01,Employment,Unemployment,65728,809796,0.081166
2020-04-01,Unemployment,Employment,19589,390306,0.050189
2020-04-01,Unemployment,Unemployment,370717,390306,0.949811
2020-05-01,Employment,Employment,716379,759920,0.942703
2020-05-01,Employment,Unemployment,43541,759920,0.057297
2020-05-01,Unemployment,Employment,23359,436445,0.053521
2020-05-01,Unemployment,Unemployment,413086,436445,0.946479
2020-06-01,Employment,Employment,706754,737620,0.958155
2020-06-01,Employment,Unemployment,30866,737620,0.041845
2020-06-01,Unemployment,Employment,26437,456627,0.057896
2020-06-01,Unemployment,Unemployment,430190,456627,0.942104
2020-07-01,Employment,Employment,707974,731607,0.967697
2020-07-01,Employment,Unemployment,23633,731607,0.032303
2020-07-01,Unemployment,Employment,26892,461056,0.058327
2020-07-01,Unemployment,Unemployment,434164,461056,0.941673
2020-08-01,Employment,Employment,709476,733257,0.967568
2020-08-01,Employment,Unemployment,23781,733257,0.032432
2020-08-01,Unemployment,Employment,28888,457797,0.063102
2020-08-01,Unemployment,Unemployment,428909,457797,0.936898
2020-09-01,Employment,Employment,710298,737075,0.963671
2020-09-01,Employment,Unemployment,26777,737075,0.036329
2020-09-01,Unemployment,Employment,31836,452690,0.070326
2020-09-01,Unemployment,Unemployment,420854,452690,0.929674
2020-10-01,Employment,Employment,718075,741433,0.968496
2020-10-01,Employment,Unemployment,23358,741433,0.031504
2020-10-01,Unemployment,Employment,53268,447631,0.119
2020-10-01,Unemployment,Unemployment,394363,447631,0.881
2020-11-01,Employment,Employment,762042,785311,0.97037
2020-11-01,Employment,Unemployment,23269,785311,0.02963
2020-11-01,Unemployment,Employment,51160,417721,0.122474
2020-11-01,Unemployment,Unemployment,366561,417721,0.877526
2020-12-01,Employment,Employment,786398,815279,0.964575
2020-12-01,Employment,Unemployment,28881,815279,0.035425
2020-12-01,Unemployment,Employment,40583,389830,0.104104
2020-12-01,Unemployment,Unemployment,349247,389830,0.895896
2021-01-01,Employment,Employment,787556,828304,0.950806
2021-01-01,Employment,Unemployment,40748,828304,0.049194
2021-01-01,Unemployment,Employment,39155,378128,0.10355
2021-01-01,Unemployment,Unemployment,338973,378128,0.89645
2021-02-01,Employment,Employment,791721,828197,0.955957
2021-02-01,Employment,Unemployment,36476,828197,0.044043
2021-02-01,Unemployment,Employment,34997,379721,0.092165
2021-02-01,Unemployment,Unemployment,344724,379721,0.907835
2021-03-01,Employment,Employment,787496,825541,0.953915
2021-03-01,Employment,Unemployment,38045,825541,0.046085
2021-03-01,Unemployment,Employment,41050,381200,0.107686
2021-03-01,Unemployment,Unemployment,340150,381200,0.892314
2021-04-01,Employment,Employment,789862,828322,0.953569
2021-04-01,Employment,Unemployment,38460,828322,0.046431
2021-04-01,Unemployment,Employment,32544,378195,0.086051
2021-04-01,Unemployment,Unemployment,345651,378195,0.913949
2021-05-01,Employment,Employment,784872,820784,0.956247
2021-05-01,Employment,Unemployment,35912,820784,0.043753
2021-05-01,Unemployment,Employment,28656,384111,0.074603
2021-05-01,Unemployment,Unemployment,355455,384111,0.925397
2021-06-01,Employment,Employment,781442,812270,0.962047
2021-06-01,Employment,Unemployment,30828,812270,0.037953
2021-06-01,Unemployment,Employment,31515,391367,0.080525
2021-06-01,Unemployment,Unemployment,359852,391367,0.919475
2021-07-01,Employment,Employment,786073,811723,0.968401
2021-07-01,Employment,Unemployment,25650,811723,0.031599
2021-07-01,Unemployment,Employment,33991,390680,0.087005
2021-07-01,Unemployment,Unemployment,356689,390680,0.912995
2021-08-01,Employment,Employment,789010,818171,0.964358
2021-08-01,Employment,Unemployment,29161,818171,0.035642
2021-08-01,Unemployment,Employment,43895,382339,0.114806
2021-08-01,Unemployment,Unemployment,338444,382339,0.885194
2021-09-01,Employment,Employment,803114,833402,0.963657
2021-09-01,Employment,Unemployment,30288,833402,0.036343
2021-09-01,Unemployment,Employment,38239,367605,0.104022
2021-09-01,Unemployment,Unemployment,329366,367605,0.895978
2021-10-01,Employment,Employment,811563,840598,0.965459
2021-10-01,Employment,Unemployment,29035,840598,0.034541
2021-10-01,Unemployment,Employment,39103,359654,0.108724
2021-10-01,Unemployment,Unemployment,320551,359654,0.891276
2021-11-01,Employment,Employment,822591,849623,0.968184
2021-11-01,Employment,Unemployment,27032,849623,0.031816
2021-11-01,Unemployment,Employment,47001,349586,0.134448
2021-11-01,Unemployment,Unemployment,302585,349586,0.865552
2021-12-01,Employment,Employment,840221,869929,0.96585
2021-12-01,Employment,Unemployment,29708,869929,0.03415
2021-12-01,Unemployment,Employment,42542,329617,0.129065
2021-12-01,Unemployment,Unemployment,287075,329617,0.870935
2022-01-01,Employment,Employment,838953,882843,0.950286
2022-01-01,Employment,Unemployment,43890,882843,0.049714
2022-01-01,Unemployment,Employment,42166,316783,0.133107
2022-01-01,Unemployment,Unemployment,274617,316783,0.866893
2022-02-01,Employment,Employment,840104,881868,0.952641
2022-02-01,Employment,Unemployment,41764,881868,0.047359
2022-02-01,Unemployment,Employment,37635,318507,0.118161
2022-02-01,Unemployment,Unemployment,280872,318507,0.881839
2022-03-01,Employment,Employment,832170,873816,0.95234
2022-03-01,Employment,Unemployment,41646,873816,0.04766
2022-03-01,Unemployment,Employment,48439,322636,0.150135
2022-03-01,Unemployment,Unemployment,274197,322636,0.849865
2022-04-01,Employment,Employment,835430,877340,0.952231
2022-04-01,Employment,Unemployment,41910,877340,0.047769
2022-04-01,Unemployment,Employment,38614,315843,0.122257
2022-04-01,Unemployment,Unemployment,277229,315843,0.877743
2022-05-01,Employment,Employment,834554,870244,0.958989
2022-05-01,Employment,Unemployment,35690,870244,0.041011
2022-05-01,Unemployment,Employment,37071,319139,0.116159
2022-05-01,Unemployment,Unemployment,282068,319139,0.883841
2022-06-01,Employment,Employment,833702,867721,0.960795
2022-06-01,Employment,Unemployment,34019,867721,0.039205
2022-06-01,Unemployment,Employment,34145,317758,0.107456
2022-06-01,Unemployment,Unemployment,283613,317758,0.892544
2022-07-01,Employment,Employment,832718,863768,0.964053
2022-07-01,Employment,Unemployment,31050,863768,0.035947
2022-07-01,Unemployment,Employment,34028,317632,0.10713
2022-07-01,Unemployment,Unemployment,283604,317632,0.89287
2022-08-01,Employment,Employment,832938,862588,0.965627
2022-08-01,Employment,Unemployment,29650,862588,0.034373
2022-08-01,Unemployment,Employment,36245,314654,0.11519
2022-08-01,Unemployment,Unemployment,278409,314654,0.88481
2022-09-01,Employment,Employment,832748,864831,0.962903
2022-09-01,Employment,Unemployment,32083,864831,0.037097
2022-09-01,Unemployment,Employment,30801,308059,0.099984
2022-09-01,Unemployment,Unemployment,277258,308059,0.900016
2022-10-01,Employment,Employment,829548,858853,0.965879
2022-10-01,Employment,Unemployment,29305,858853,0.034121
2022-10-01,Unemployment,Employment,38096,309341,0.123152
2022-10-01,Unemployment,Unemployment,271245,309341,0.876848
2022-11-01,Employment,Employment,838114,864015,0.970023
2022-11-01,Employment,Unemployment,25901,864015,0.029977
2022-11-01,Unemployment,Employment,47878,300550,0.159301
2022-11-01,Unemployment,Unemployment,252672,300550,0.840699
2022-12-01,Employment,Employment,854027,883300,0.96686
2022-12-01,Employment,Unemployment,29273,883300,0.03314
2022-12-01,Unemployment,Employment,41105,278573,0.147556
2022-12-01,Unemployment,Unemployment,237468,278573,0.852444
2023-01-01,Employment,Employment,839646,888493,0.945023
2023-01-01,Employment,Unemployment,48847,888493,0.054977
2023-01-01,Unemployment,Employment,39316,266741,0.147394
2023-01-01,Unemployment,Unemployment,227425,266741,0.852606
2023-02-01,Employment,Employment,835716,874569,0.955575
2023-02-01,Employment,Unemployment,38853,874569,0.044425
2023-02-01,Unemployment,Employment,35755,276272,0.12942
2023-02-01,Unemployment,Unemployment,240517,276272,0.87058
2023-03-01,Employment,Employment,825053,863891,0.955043
2023-03-01,Employment,Unemployment,38838,863891,0.044957
2023-03-01,Unemployment,Employment,44099,279370,0.157852
2023-03-01,Unemployment,Unemployment,235271,279370,0.842148
2023-04-01,Employment,Employment,823541,862759,0.954544
2023-04-01,Employment,Unemployment,39218,862759,0.045456
2023-04-01,Unemployment,Employment,34817,274109,0.127019
2023-04-01,Unemployment,Unemployment,239292,274109,0.872981
2023-05-01,Employment,Employment,821057,852610,0.962992
2023-05-01,Employment,Unemployment,31553,852610,0.037008
2023-05-01,Unemployment,Employment,35315,278510,0.1268
2023-05-01,Unemployment,Unemployment,243195,278510,0.8732
2023-06-01,Employment,Employment,819522,850692,0.963359
2023-06-01,Employment,Unemployment,31170,850692,0.036641
2023-06-01,Unemployment,Employment,32740,274748,0.119164
2023-06-01,Unemployment,Unemployment,242008,274748,0.880836
2023-07-01,Employment,Employment,818047,846723,0.966133
2023-07-01,Employment,Unemployment,28676,846723,0.033867
2023-07-01,Unemployment,Employment,33070,273178,0.121057
2023-07-01,Unemployment,Unemployment,240108,273178,0.878943
2023-08-01,Employment,Employment,817743,845195,0.96752
2023-08-01,Employment,Unemployment,27452,845195,0.03248
2023-08-01,Unemployment,Employment,34070,268784,0.126756
2023-08-01,Unemployment,Unemployment,234714,268784,0.873244
2023-09-01,Employment,Employment,816176,845732,0.965053
2023-09-01,Employment,Unemployment,29556,845732,0.034947
2023-09-01,Unemployment,Employment,28925,262166,0.110331
2023-09-01,Unemployment,Unemployment,233241,262166,0.889669
2023-10-01,Employment,Employment,814146,839161,0.97019
2023-10-01,Employment,Unemployment,25015,839161,0.02981
2023-10-01,Unemployment,Employment,38180,262797,0.145283
2023-10-01,Unemployment,Unemployment,224617,262797,0.854717
2023-11-01,Employment,Employment,821873,846289,0.971149
2023-11-01,Employment,Unemployment,24416,846289,0.028851
2023-11-01,Unemployment,Employment,41423,249632,0.165936
2023-11-01,Unemployment,Unemployment,208209,249632,0.834064
2023-12-01,Employment,Employment,831380,857167,0.969916
2023-12-01,Employment,Unemployment,25787,857167,0.030084
2023-12-01,Unemployment,Employment,43956,232625,0.188956
2023-12-01,Unemployment,Unemployment,188669,232625,0.811044
2024-01-01,Employment,Employment,831318,867700,0.958071
2024-01-01,Employment,Unemployment,36382,867700,0.041929
2024-01-01,Unemployment,Employment,40370,214456,0.188244
2024-01-01,Unemployment,Unemployment,174086,214456,0.811756
2024-02-01,Employment,Employment,826969,863158,0.958074
2024-02-01,Employment,Unemployment,36189,863158,0.041926
2024-02-01,Unemployment,Employment,33602,210468,0.159654
2024-02-01,Unemployment,Unemployment,176866,210468,0.840346
2024-03-01,Employment,Employment,813525,848484,0.958798
2024-03-01,Employment,Unemployment,34959,848484,0.041202
2024-03-01,Unemployment,Employment,41124,213055,0.193021
2024-03-01,Unemployment,Unemployment,171931,213055,0.806979
2024-04-01,Employment,Employment,812853,844782,0.962204
2024-04-01,Employment,Unemployment,31929,844782,0.037796
2024-04-01,Unemployment,Employment,35472,206890,0.171453
2024-04-01,Unemployment,Unemployment,171418,206890,0.828547
2024-05-01,Employment,Employment,809427,838568,0.965249
2024-05-01,Employment,Unemployment,29141,838568,0.034751
2024-05-01,Unemployment,Employment,32901,203347,0.161797
2024-05-01,Unemployment,Unemployment,170446,203347,0.838203
2024-06-01,Employment,Employment,806893,833644,0.967911
2024-06-01,Employment,Unemployment,26751,833644,0.032089
2024-06-01,Unemployment,Employment,31547,199587,0.158061
2024-06-01,Unemployment,Unemployment,168040,199587,0.841939
2024-07-01,Employment,Employment,807696,829523,0.973687
2024-07-01,Employment,Unemployment,21827,829523,0.026313
2024-07-01,Unemployment,Employment,36245,194791,0.186071
2024-07-01,Unemployment,Unemployment,158546,194791,0.813929
2024-08-01,Employment,Employment,811855,834083,0.97335
2024-08-01,Employment,Unemployment,22228,834083,0.02665
2024-08-01,Unemployment,Employment,33024,180373,0.183087
2024-08-01,Unemployment,Unemployment,147349,180373,0.816913
2024-09-01,Employment,Employment,811850,835017,0.972256
2024-09-01,Employment,Unemployment,23167,835017,0.027744
2024-09-01,Unemployment,Employment,29051,169577,0.171315
2024-09-01,Unemployment,Unemployment,140526,169577,0.828685
2024-10-01,Employment,Employment,813164,830685,0.978908
2024-10-01,Employment,Unemployment,17521,830685,0.021092
2024-10-01,Unemployment,Employment,41016,163693,0.250567
2024-10-01,Unemployment,Unemployment,122677,163693,0.749433
2024-11-01,Employment,Employment,825198,841253,0.980915
2024-11-01,Employment,Unemployment,16055,841253,0.019085
2024-11-01,Unemployment,Employment,46642,140198,0.332687
2024-11-01,Unemployment,Unemployment,93556,140198,0.667313
2024-12-01,Employment,Employment,841317,856567,0.982196
2024-12-01,Employment,Unemployment,15250,856567,0.017804
2024-12-01,Unemployment,Employment,41911,109611,0.382361
2024-12-01,Unemployment,Unemployment,67700,109611,0.617639
2025-01-01,Employment,Employment,830797,850638,0.976675
2025-01-01,Employment,Unemployment,19841,850638,0.023325
2025-01-01,Unemployment,Employment,38486,82950,0.463966
2025-01-01,Unemployment,Unemployment,44464,82950,0.536034
2025-02-01,Employment,Employment,821275,831581,0.987607
2025-02-01,Employment,Unemployment,10306,831581,0.012393
2025-02-01,Unemployment,Employment,34238,64305,0.532431
2025-02-01,Unemployment,Unemployment,30067,64305,0.467569
2025-03-01,Employment,Employment,798188,798188,1.0
2025-03-01,Unemployment,Employment,40373,40373,1.0
